Top pages,Clicks,Impressions,CTR,Position
https://centraltexasholisticcarepllc.com/,2,154,1.3%,17.02
https://centraltexasholisticcarepllc.com/women/menopausal-disorders/,1,5,20%,3.2
https://centraltexasholisticcarepllc.com/about-us/,0,43,0%,8.95
https://centraltexasholisticcarepllc.com/iv-nutrition/,0,43,0%,8.95
https://centraltexasholisticcarepllc.com/men/,0,43,0%,8.95
https://centraltexasholisticcarepllc.com/women/,0,43,0%,8.95
https://centraltexasholisticcarepllc.com/hormone-therapy/,0,13,0%,10.23
https://centraltexasholisticcarepllc.com/payment-plans/,0,13,0%,10.23
https://centraltexasholisticcarepllc.com/products/,0,11,0%,10.27
https://centraltexasholisticcarepllc.com/get-financed/,0,4,0%,7.5
https://centraltexasholisticcarepllc.com/iv-nutrition/hangover/,0,2,0%,4